pl_name,hostname,disc_year,discoverymethod,sy_snum,sy_pnum,sy_mnum,pl_rade,pl_masse,pl_orbper,pl_orbsmax,pl_eqt,pl_insol,pl_dens,pl_orbeccen,pl_bmasse,st_spectype,st_teff,st_rad,st_mass,st_age,ra,dec,sy_dist
EPIC 249893012 b,EPIC 249893012,2020,Transit,1,3,0,1.95,8.75,3.5951,0.047,1616.0,1037.0,6.39,0.06,8.75,G8 IV/V,5430.0,1.71,1.05,9.0,228.2482353,-16.7246474,321.296
EPIC 249893012 c,EPIC 249893012,2020,Transit,1,3,0,3.67,14.67,15.624,0.13,990.0,160.0,1.62,0.07,14.67,G8 IV/V,5430.0,1.71,1.05,9.0,228.2482353,-16.7246474,321.296
EPIC 249893012 d,EPIC 249893012,2020,Transit,1,3,0,3.94,10.18,35.747,0.22,752.0,53.0,0.91,0.15,10.18,G8 IV/V,5430.0,1.71,1.05,9.0,228.2482353,-16.7246474,321.296
GJ 486 b,GJ 486,2021,Radial Velocity,1,1,0,1.343,3.0,1.4671205,0.01713,706.0,41.3,6.79,0.0,3.0,M3.5 V,3291.0,0.339,0.333,4.0,191.981531,9.7494181,8.07426
GPX-1 b,GPX-1,2021,Transit,1,1,0,16.47720163,6261.2196179,1.744579,0.0338,2300.0,4650.0,8.222423,0.0,6261.2196179,F2,7000.0,1.56,1.68,0.27,38.3691648,56.025708,655.013
HAT-P-68 b,HAT-P-68,2020,Transit,1,1,0,12.016048,230.10892,2.29840551,0.02996,1027.8,184.8,0.727,0.041,230.10892,K,4508.0,0.6701,0.6785,11.1,118.4831501,23.9382192,202.152
HATS-17 b,HATS-17,2016,Transit,1,1,0,8.709393,425.25654,16.254611,0.1308,814.0,72.7,3.5,0.029,425.25654,G V,5846.0,1.091,1.131,2.1,192.1895676,-47.6136789,400.331
HATS-18 b,HATS-18,2016,Transit,1,1,0,14.986433,629.3034,0.8378434,0.01761,2060.0,2990.0,1.02,0.166,629.3034,G V,5600.0,1.02,1.037,4.2,173.9574203,-29.1560639,624.368
HATS-36 b,HATS-36,2018,Transit,1,1,0,13.843115,1022.14128,4.1752387,0.05425,1356.0,561.0,2.12,0.105,1022.14128,G0 V,6149.0,1.155,1.222,0.62,291.4787013,-23.2028183,856.436
HD 110113 b,HD 110113,2021,Transit,1,2,0,2.05,4.55,2.541,0.035,1371.0,735.49,2.9,0.093,4.55,G,5732.0,0.968,0.997,4.0,190.0365636,-44.3120777,106.307
HD 191939 b,HD 191939,2020,Transit,1,6,0,3.41,10.0,8.8803256,0.0804,880.0,100.0,1.4,0.031,10.0,G9 V,5348.0,0.94,0.81,8.7,302.0256247,66.8503014,53.6089
HD 191939 c,HD 191939,2020,Transit,1,6,0,3.195,8.0,28.579743,0.1752,600.0,21.0,1.35,0.034,8.0,G9 V,5348.0,0.94,0.81,8.7,302.0256247,66.8503014,53.6089
HD 191939 d,HD 191939,2020,Transit,1,6,0,2.995,2.8,38.353037,0.2132,540.0,14.3,0.57,0.031,2.8,G9 V,5348.0,0.94,0.81,8.7,302.0256247,66.8503014,53.6089
HD 207496 b,HD 207496,2023,Transit,1,1,0,2.25,6.1,6.441008,0.0629,743.0,72.9,3.17,0.231,6.1,K2.5 V,4819.0,0.769,0.8,0.52,328.7181708,-77.3388025,23.606
HD 207897 b,HD 207897,2021,Transit,1,1,0,2.501,14.4,16.202159,0.1163,632.2,26.5,5.05,0.047,14.4,K0 V,5070.0,0.779,0.8,7.1,325.2016451,84.3337613,28.2938
HD 260655 b,HD 260655,2022,Transit,1,2,0,1.24,2.14,2.76953,0.02933,709.0,42.2,6.2,0.039,2.14,M0 V,3803.0,0.439,0.439,5.0,99.2915429,17.5662696,10.0055
HD 260655 c,HD 260655,2022,Transit,1,2,0,1.533,3.09,5.70588,0.04749,557.0,16.1,4.7,0.038,3.09,M0 V,3803.0,0.439,0.439,5.0,99.2915429,17.5662696,10.0055
HD 332231 b,HD 332231,2020,Transit,1,1,0,9.718203,77.55052,18.71204,0.1436,876.0,98.09,0.464,0.032,77.55052,F8,6089.0,1.277,1.127,4.3,306.741134,33.7443882,80.6665
HD 5278 b,HD 5278,2021,Transit,1,2,0,2.45,7.8,14.339156,0.1202,943.0,132.0,2.9,0.08,7.8,F V,6203.0,1.194,1.126,3.0,12.5467785,-83.7437671,57.5846
HD 73583 b,HD 73583,2022,Transit,1,2,0,2.79,10.2,6.398042,0.0604,714.0,43.3,2.58,0.09,10.2,K4 V,4511.0,0.65,0.73,0.48,129.6883026,-13.2565267,31.5666
HD 73583 b,HD 73583,2022,Transit,1,2,0,2.84,15.9,6.3980661,0.05995,742.7,46.2,3.8,0.294,15.9,K4,4582.0,0.677,0.702,0.78,129.6883026,-13.2565267,31.5666
HD 73583 c,HD 73583,2022,Transit,1,2,0,2.39,9.7,18.87974,0.1242,498.0,10.2,3.88,0.08,9.7,K4 V,4511.0,0.65,0.73,0.48,129.6883026,-13.2565267,31.5666
HD 73583 c,HD 73583,2022,Transit,1,2,0,2.73,22.5,18.8805,0.1233,517.8,11.76,6.1,0.093,22.5,K4,4582.0,0.677,0.702,0.78,129.6883026,-13.2565267,31.5666
HD 95338 b,HD 95338,2020,Radial Velocity,1,1,0,3.89,42.44,55.087,0.262,385.0,7.42,3.98,0.197,42.44,K0.5 V,5212.0,0.87,0.83,5.08,164.8563364,-56.6235564,36.9941
HIP 65 A b,HIP 65 A,2020,Transit,2,1,0,22.75427,1021.18779,0.9809734,0.01782,1411.0,661.0,0.48,0.0,1021.18779,K4 V,4590.0,0.7242,0.781,4.1,0.1856063,-54.8308228,61.7856
K2-100 b,K2-100,2016,Transit,1,1,0,3.88,21.8,1.6739035,0.0301,1841.0,1915.0,2.04,0.0,21.8,G0 V,5945.0,1.24,1.15,0.75,129.6010863,20.1060074,188.959
K2-140 b,K2-140,2017,Transit,1,1,0,12.273855,323.86877,6.5693,0.0591,1114.0,188.5,0.963,0.12,323.86877,G5,5654.0,0.987,1.005,4.22,188.1373172,-9.6076115,347.917
K2-140 b,K2-140,2017,Transit,1,1,0,13.56286665,295.58041851,6.569188,0.068,962.0,204.0,0.66,0.0,295.58041851,G6 V,5585.0,1.06,0.96,9.8,188.1373172,-9.6076115,347.917
K2-180 b,K2-180,2018,Transit,1,1,0,2.24179614,11.44182265,8.8665,0.075,729.0,67.0,5.6,0.0,11.44182265,K2 V,5110.0,0.69,0.71,9.5,126.4643579,10.246577,203.896
K2-24 b,K2-24,2016,Transit,1,2,0,5.68,21.0,20.8851,0.154,767.0,60.0,0.63,0.0,21.0,G3,5743.0,1.21,1.12,5.1,242.5734559,-24.9906029,170.562
K2-24 c,K2-24,2016,Transit,1,2,0,7.82,27.0,42.3633,0.247,606.0,24.0,0.31,0.0,27.0,G3,5743.0,1.21,1.12,5.1,242.5734559,-24.9906029,170.562
K2-292 b,K2-292,2019,Transit,1,1,0,2.63,24.5,16.9841,0.13,795.0,67.0,7.4,0.04,24.5,G3 V,5725.0,1.09,1.0,6.8,205.3758786,-9.9460704,114.293
K2-3 b,K2-3,2015,Transit,1,3,0,2.078,5.11,10.0546535,0.0747,501.3,10.5,3.11,0.107,5.11,M V,3844.0,0.546,0.549,6.9,172.3353708,-1.4551364,44.0727
K2-3 c,K2-3,2015,Transit,1,3,0,1.582,2.68,24.646729,0.1357,371.8,3.17,3.7,0.048,2.68,M V,3844.0,0.546,0.549,6.9,172.3353708,-1.4551364,44.0727
K2-38 b,K2-38,2016,Transit,1,2,0,1.54,7.3,4.01593,0.04994,1266.0,426.0,11.0,0.197,7.3,G2 V,5731.0,1.06,1.03,6.7,240.0333095,-23.1894196,192.69
K2-38 c,K2-38,2016,Transit,1,2,0,2.29,8.3,10.56103,0.09514,916.0,117.0,3.8,0.161,8.3,G2 V,5731.0,1.06,1.03,6.7,240.0333095,-23.1894196,192.69
KELT-18 b,KELT-18,2017,Transit,2,1,0,17.59813,375.0394,2.8717518,0.0455,2085.0,3152.0,0.377,0.0,375.0394,F4 V,6670.0,1.908,1.524,1.9,216.5238248,59.4442735,321.376
KELT-21 b,KELT-21,2018,Transit,1,1,0,17.777474,1242.7153,3.6127647,0.05224,2051.0,2950.0,1.24,0.0,1242.7153,A8 V,7598.0,1.638,1.458,1.6,304.8000322,32.5810446,470.878
KELT-23 A b,KELT-23 A,2019,Transit,2,1,0,14.829507,298.12454,2.255251,0.03302,1561.0,991.183,0.503,0.0,298.12454,G2 V,5899.0,0.996,0.944,6.4,232.1466406,66.3587097,126.261
KELT-4 A b,KELT-4 A,2016,Transit,3,1,0,19.044091,286.68266,2.9895932,0.04317,1823.0,1840.0,0.228,0.0,286.68266,F,6206.0,1.603,1.201,4.44,157.06262,25.5731366,218.05
KELT-9 b,KELT-9,2017,Transit,2,1,0,21.196219,915.3504,1.4811235,0.03462,4050.0,44900.0,0.53,0.0,915.3504,B9.5-A0,10170.0,2.362,2.52,0.3,307.8598998,39.9389161,204.455
Kepler-1654 b,Kepler-1654,2018,Transit,1,1,0,9.180171,158.915,1047.8356,2.026,206.0,0.3,1.2,0.26,158.915,G5 V,5597.0,1.179,1.011,5.0,282.1856949,44.4344617,568.117
Kepler-1661 b,Kepler-1661,2020,Transit,2,1,0,3.87,17.0,175.06,0.633,243.0,0.88,1.6,0.057,17.0,K,5100.0,0.762,0.841,2.0,285.1670927,41.9669383,410.607
L 98-59 b,L 98-59,2019,Transit,1,4,0,0.85,0.4,2.2531136,0.02191,627.0,24.7,3.6,0.103,0.4,M3 V,3415.0,0.303,0.273,0.8,124.5328604,-68.3144658,10.6194
L 98-59 c,L 98-59,2019,Transit,1,4,0,1.385,2.22,3.6906777,0.0304,553.0,12.8,4.57,0.103,2.22,M3 V,3415.0,0.303,0.273,0.8,124.5328604,-68.3144658,10.6194
L 98-59 d,L 98-59,2019,Transit,1,4,0,1.521,1.94,7.4507245,0.0486,416.0,5.01,2.95,0.074,1.94,M3 V,3415.0,0.303,0.273,0.8,124.5328604,-68.3144658,10.6194
LHS 1140 b,LHS 1140,2017,Transit,1,2,0,1.73,5.6,24.73723,0.0946,226.0,0.43,5.9,0.043,5.6,M4.5 V,3096.0,0.2159,0.1844,5.0,11.248632,-15.2741085,14.9861
LHS 1140 b,LHS 1140,2017,Transit,1,2,0,1.43,6.65,24.73712,0.0875,230.0,0.46,12.5,0.29,6.65,M4.5 V,3131.0,0.186,0.146,5.0,11.248632,-15.2741085,14.9861
LHS 1140 c,LHS 1140,2018,Transit,1,2,0,1.272,1.91,3.77794,0.027,422.0,5.3,5.1,0.05,1.91,M4.5 V,3096.0,0.2159,0.1844,5.0,11.248632,-15.2741085,14.9861
NGTS-12 b,NGTS-12,2020,Transit,1,1,0,11.747032,66.10864,7.532806,0.0757,1257.0,416.0,0.223,0.0,66.10864,G,5690.0,1.589,1.021,9.4,176.2499418,-35.640563,446.442
NGTS-15 b,NGTS-15,2021,Transit,1,1,0,12.32987877,238.68913366,3.27623,0.0441,1146.0,425.0,0.74,0.0,238.68913366,G6 V,5600.0,0.954,0.995,3.28,73.3553101,-32.8003484,786.485
NGTS-16 b,NGTS-16,2021,Transit,1,1,0,14.57167491,211.99154747,4.84532,0.0523,1177.0,480.0,0.38,0.0,211.99154747,G7 V,5550.0,1.213,1.002,10.29,58.2639299,-30.8046405,898.168
NGTS-17 b,NGTS-17,2021,Transit,1,1,0,13.89913607,242.82090295,3.24253,0.0391,1457.0,1160.0,0.5,0.0,242.82090295,G4 V,5650.0,1.337,1.025,9.22,72.9005729,-34.2262128,1040.28
NGTS-18 b,NGTS-18,2021,Transit,1,1,0,13.56286665,129.99181846,3.05125,0.0448,1381.0,845.0,0.28,0.0,129.99181846,G5 V,5610.0,1.392,1.003,10.84,180.5462193,-35.5486091,1096.19
NGTS-8 b,NGTS-8,2019,Transit,1,1,0,12.21781,295.5819,2.4997,0.035,1345.0,503.0,0.89,0.01,295.5819,K0 V,5241.0,0.98,0.89,12.48,328.9759206,-14.0684399,428.976
NGTS-9 b,NGTS-9,2019,Transit,1,1,0,11.99363,921.707,4.43527,0.058,1448.0,729.0,2.93,0.06,921.707,F8 V,6330.0,1.38,1.34,0.96,141.9206435,-19.3476477,609.128
Qatar-3 b,Qatar-3,2017,Transit,1,1,0,12.285064,1369.8473,2.5079204,0.03783,1681.0,1330.0,4.0,0.0,1369.8473,G0 V,6007.0,1.272,1.145,0.31,359.1519716,36.2129562,735.601
Qatar-4 b,Qatar-4,2017,Transit,1,1,0,12.722215,1938.763,1.8053564,0.02803,1385.0,614.0,5.1,0.0,1938.763,K1 V,5215.0,0.849,0.896,0.17,4.859275,44.0275965,329.036
Qatar-5 b,Qatar-5,2017,Transit,1,1,0,12.408363,1373.0256,2.8792319,0.04127,1415.0,669.0,3.95,0.0,1373.0256,G2 V,5747.0,1.076,1.128,0.53,7.0539375,42.0613451,367.658
TIC 139270665 b,TIC 139270665,2024,Transit,1,2,0,7.22979255,147.15455244,23.624,0.163,703.0,40.3,2.13,0.105,147.15455244,G2,5844.0,1.016,1.035,3.4,124.0338967,33.2914532,189.875
TOI-1062 b,TOI-1062,2021,Transit,1,2,0,2.265,10.15,4.11296,0.052,1077.0,232.0,4.85,0.177,10.15,G9 V,5328.0,0.84,0.94,2.5,38.1209678,-78.0236828,82.1733
TOI-1075 b,TOI-1075,2022,Transit,1,1,0,1.791,9.95,0.6047328,0.01159,1323.0,509.2,9.32,0.0,9.95,K9 V/M0 V,3875.0,0.581,0.604,6.0,309.9712091,-65.4496994,61.4592
TOI-1107 b,TOI-1107,2022,Transit,1,1,0,14.57167491,1064.72516345,4.0782387,0.0561,1728.0,532.0,1.89,0.025,1064.72516345,F6 V,6311.0,1.81,1.35,2.6,155.6078632,-82.2188693,281.314
TOI-1130 b,TOI-1130,2020,Transit,1,2,0,3.56,19.28,4.07445,0.04457,632.17,78.1,2.34,0.0541,19.28,K6-K7,4350.0,0.695,0.712,4.1,286.3760037,-41.4376399,58.2609
TOI-1130 c,TOI-1130,2020,Transit,1,2,0,13.32,325.69,8.350231,0.07191,497.7,30.0,0.75,0.0457,325.69,K6-K7,4350.0,0.695,0.712,4.1,286.3760037,-41.4376399,58.2609
TOI-1173 b,TOI-1173,2024,Transit,2,1,0,9.19,27.4,7.06466,0.0696,868.0,132.0,0.195,0.023,27.4,G9,5350.0,0.934,0.911,8.7,197.6830975,70.7680117,132.353
TOI-125 b,TOI-125,2019,Transit,1,3,0,2.726,9.5,4.65382,0.05186,1037.0,185.0,2.57,0.194,9.5,K0 V,5320.0,0.848,0.859,6.8,23.5934253,-66.6763495,111.059
TOI-125 c,TOI-125,2019,Transit,1,3,0,2.759,6.63,9.15059,0.0814,827.8,77.59,1.73,0.066,6.63,K0 V,5320.0,0.848,0.859,6.8,23.5934253,-66.6763495,111.059
TOI-125 d,TOI-125,2020,Transit,1,3,0,2.93,13.6,19.98,0.137,638.1,26.7,2.98,0.168,13.6,K0 V,5320.0,0.848,0.859,6.8,23.5934253,-66.6763495,111.059
TOI-1295 b,TOI-1295,2024,Transit,1,1,0,15.69257298,451.31633794,3.1968838,0.047,2360.0,1800.0,0.65,0.024,451.31633794,F,6280.0,1.7,1.38,2.0,256.6722026,67.8715032,388.227
TOI-132 b,TOI-132,2020,Transit,1,1,0,3.42,22.4,2.1097019,0.026,1395.0,860.0,3.08,0.059,22.4,G8 V,5397.0,0.9,0.97,6.34,338.3996623,-43.436872,163.678
TOI-1386 b,TOI-1386,2024,Transit,1,2,0,6.05284958,47.03860424,25.83839,0.1732,676.4,34.68,1.16,0.061,47.03860424,G5V,5793.0,1.015,1.038,3.3,334.5041029,54.3190454,146.858
TOI-1416 b,TOI-1416,2023,Transit,1,1,0,1.62,3.48,1.0697568,0.019,1517.0,883.0,4.5,0.0,3.48,G9 V,4884.0,0.793,0.798,6.9,216.9234892,41.9529862,55.0135
TOI-1431 b,TOI-1431,2021,Transit,1,1,0,16.70138124,991.62462984,2.650237,0.046,2370.0,5300.0,1.17,0.0022,991.62462984,Am C,7690.0,1.92,1.9,0.29,316.2036922,55.5880221,148.925
TOI-1470 b,TOI-1470,2023,Transit,1,2,0,2.18,7.32,2.527093,0.0285,734.0,46.3,3.86,0.3,7.32,M1.5 V,3709.0,0.469,0.471,1.3,10.0891431,61.2133868,51.9503
TOI-1470 c,TOI-1470,2023,Transit,1,2,0,2.47,7.24,18.08816,0.106,373.0,3.35,2.66,0.5,7.24,M1.5 V,3709.0,0.469,0.471,1.3,10.0891431,61.2133868,51.9503
TOI-157 b,TOI-157,2020,Transit,1,1,0,14.414774,375.0394,2.0845435,0.03138,1588.0,1062.0,0.686,0.0,375.0394,G9 IV,5404.0,1.167,0.948,12.82,73.7014398,-76.6806061,355.683
TOI-1685 b,TOI-1685,2021,Transit,1,1,0,1.468,3.03,0.66913924,0.01138,1062.0,236.0,5.3,0.0,3.03,M2.65 V,3575.0,0.4555,0.454,1.0,68.5939529,43.0370395,37.6153
TOI-169 b,TOI-169,2020,Transit,1,1,0,12.172974,251.40353,2.2554477,0.03524,1715.0,1443.0,0.76,0.0,251.40353,G1 V,5880.0,1.288,1.147,4.7,16.7786879,-75.1989452,407.84
TOI-1728 b,TOI-1728,2020,Transit,1,1,0,5.05,26.78,3.49151,0.0391,767.0,57.78,1.14,0.057,26.78,M0,3980.0,0.6243,0.646,7.1,120.6116787,64.7971531,60.798
TOI-1759 b,TOI-1759,2022,Transit,1,1,0,3.14,10.8,18.85019,0.1177,443.0,6.39,1.91,0.0,10.8,M0.0 V,4065.0,0.597,0.606,5.0,326.8516615,62.7538164,40.0654
TOI-181 b,TOI-181,2023,Transit,1,1,0,6.9559,46.1687,4.532,0.0539,895.1,102.43,0.7562,0.1543,46.1687,K,4994.0,0.745,0.822,5.4,352.1725409,-34.4914099,96.2338
TOI-1899 b,TOI-1899,2020,Transit,1,1,0,12.89035,209.7678,29.02,0.1587,362.0,2.9,0.54,0.118,209.7678,M0,3841.0,0.607,0.627,7.4,299.4268472,40.1433462,128.438
TOI-2010 b,TOI-2010,2023,Transit,1,1,0,11.81426566,408.7273314,141.834025,0.5516,400.2,4.09,1.36,0.212,408.7273314,F0,5929.0,1.079,1.112,1.9,292.1669417,53.4873694,109.19
TOI-2015 b,TOI-2015,2023,Transit,1,2,0,3.309,9.2,3.348237,0.029322,530.9,13.185,1.4,0.0789,9.2,M4 +/- 0.5,3297.0,0.3273,0.3041,5.5,232.1326528,27.361073,47.3444
TOI-2015 b,TOI-2015,2023,Transit,1,2,0,3.39,16.4,3.348968,0.0301,512.0,11.47,2.32,0.0,16.4,M4,3194.0,0.333,0.342,1.1,232.1326528,27.361073,47.3444
TOI-2134 b,TOI-2134,2023,Transit,1,2,0,2.69,9.13,9.2292005,0.078,666.0,32.0,2.607,0.06,9.13,K5 V,4580.0,0.709,0.744,3.8,271.9355015,39.0729269,22.6202
TOI-2134 c,TOI-2134,2023,Transit,1,2,0,7.27,41.89,95.5,0.371,306.0,1.4,0.599,0.67,41.89,K5 V,4580.0,0.709,0.744,3.8,271.9355015,39.0729269,22.6202
TOI-2136 b,TOI-2136,2022,Transit,1,1,0,2.19,6.37,7.851928,0.057,395.0,4.0,3.34,0.0,6.37,M4.5 V,3342.0,0.34,0.34,4.6,281.1763433,36.5631318,33.3631
TOI-2180 b,TOI-2180,2022,Transit,1,1,0,11.32107051,875.61726129,260.79,0.828,348.0,2.71,3.32,0.3683,875.61726129,G5,5695.0,1.636,1.111,8.1,277.94363,56.6506789,116.685
TOI-2196 b,TOI-2196,2022,Transit,1,1,0,3.51,26.0,1.1947268,0.02234,1860.0,2000.0,3.31,0.0,26.0,G V,5634.0,1.043,1.032,4.5,312.3400744,-70.4850723,259.947
TOI-238 b,TOI-238,2024,Transit,1,2,0,1.402,3.4,1.2730991,0.02118,1311.0,728.0,6.8,0.18,3.4,K2V,5059.0,0.733,0.79,4.3,349.2310814,-18.6066463,80.5407
TOI-238 c,TOI-238,2024,Radial Velocity,1,2,0,2.18,6.7,8.465651,0.0749,696.0,58.3,1.83,0.36,6.7,K2V,5059.0,0.733,0.79,4.3,349.2310814,-18.6066463,80.5407
TOI-2458 b,TOI-2458,2024,Transit,1,2,0,2.83,13.31,3.73659,0.0482,1509.4,865.0,3.23,0.087,13.31,F9-F9.5,6005.0,1.31,1.05,5.7,79.621529,1.253439,112.958
TOI-2580 b,TOI-2580,2024,Transit,1,1,0,17.37392009,200.23189641,3.39775,0.048,2410.0,1730.0,0.22,0.08,200.23189641,F,6120.0,1.81,1.33,2.0,62.1992072,67.1165264,379.253
TOI-2641 b,TOI-2641,2023,Transit,1,1,0,18.10250383,122.6817651,4.880974,0.0607,1387.0,602.0,0.092,0.18,122.6817651,F9 V,6100.0,1.336,1.16,10.8,171.1303716,-42.7321394,344.045
TOI-3261 b,TOI-3261,2024,Transit,1,1,0,3.82,30.3,0.8831331,0.01714,1722.0,1466.0,3.0,0.0,30.3,K1.5+/-1,5068.0,0.849,0.861,6.5,47.7285242,-73.531972,300.141
TOI-3629 b,TOI-3629,2022,Transit,1,1,0,8.29464572,82.63538582,3.936551,0.043,690.0,39.0,0.8,0.05,82.63538582,M1,3870.0,0.6,0.63,7.0,359.7933851,39.3142556,130.091
TOI-3714 b,TOI-3714,2022,Transit,2,1,0,11.32107051,222.4798849,2.154849,0.027,750.0,54.0,0.85,0.03,222.4798849,M2,3660.0,0.51,0.53,2.9,69.5523415,39.4580035,112.71
TOI-3757 b,TOI-3757,2022,Transit,1,1,0,12.0,85.3,3.438753,0.03845,759.0,55.4,0.27,0.14,85.3,M0 V,3913.0,0.62,0.64,7.1,91.0036423,55.0199793,181.139
TOI-3785 b,TOI-3785,2023,Transit,1,1,0,5.14,14.95,4.6747373,0.043,582.0,19.1,0.61,0.11,14.95,M2 V,3576.0,0.5,0.52,8.0,130.9002258,63.0780768,79.7634
TOI-3984 A b,TOI-3984 A,2023,Transit,2,1,0,7.9,44.0,4.353326,0.041,563.0,16.7,0.49,0.23,44.0,M4+/-0.5,3476.0,0.47,0.49,2.9,226.3371468,36.7869747,108.883
TOI-4010 b,TOI-4010,2023,Transit,1,4,0,3.02,11.0,1.348335,0.0229,1441.0,714.0,2.2,0.03,11.0,K V,4960.0,0.83,0.88,6.1,20.2148196,66.0722009,177.504
TOI-4010 c,TOI-4010,2023,Transit,1,4,0,5.93,20.31,5.414654,0.058,907.0,112.0,0.5,0.03,20.31,K V,4960.0,0.83,0.88,6.1,20.2148196,66.0722009,177.504
TOI-4010 d,TOI-4010,2023,Transit,1,4,0,6.18,38.15,14.70886,0.113,650.0,30.0,0.9,0.07,38.15,K V,4960.0,0.83,0.88,6.1,20.2148196,66.0722009,177.504
TOI-4127 b,TOI-4127,2023,Transit,1,1,0,12.28504285,731.0053361,56.39879,0.3081,605.1,22.3,2.17,0.7471,731.0053361,F V,6096.0,1.293,1.23,4.8,105.4045516,72.4149297,319.632
TOI-4201 b,TOI-4201,2023,Transit,1,1,0,13.67495645,788.21444936,3.5819194,0.04,725.0,45.2,1.82,0.041,788.21444936,M1.0+/-0.5,3794.0,0.63,0.61,1.4,90.4747237,-13.461371,189.011
TOI-421 b,TOI-421,2020,Transit,2,2,0,2.68,7.17,5.19672,0.056,981.4,154.57,2.05,0.163,7.17,G9 V,5325.0,0.871,0.852,9.4,81.8532824,-14.2767404,74.7969
TOI-421 c,TOI-421,2020,Transit,2,2,0,5.09,16.42,16.06819,0.1189,673.6,34.32,0.685,0.152,16.42,G9 V,5325.0,0.871,0.852,9.4,81.8532824,-14.2767404,74.7969
TOI-4438 b,TOI-4438,2024,Transit,1,1,0,2.52,5.4,7.44628,0.0534,435.0,6.0,1.85,0.14,5.4,M3.5 V,3422.0,0.372,0.368,5.1,270.3172389,35.5948992,30.0346
TOI-4603 b,TOI-4603,2023,Transit,1,1,0,11.67975789,4096.80816623,7.24599,0.0888,1677.0,1192.0,14.1,0.325,4096.80816623,F,6264.0,2.738,1.765,1.64,83.8659288,21.2942417,225.643
TOI-500 b,TOI-500,2022,Transit,1,4,0,1.166,1.42,0.548177,0.01189,1617.0,1138.0,4.89,0.063,1.42,K6 V,4440.0,0.678,0.74,5.0,106.559098,-47.5878156,47.3924
TOI-5293 A b,TOI-5293 A,2023,Transit,2,1,0,11.9,170.4,2.930289,0.034,675.0,34.6,0.56,0.38,170.4,M3+/-1,3586.0,0.52,0.54,2.9,355.828682,-2.0450945,162.229
TOI-5542 b,TOI-5542,2022,Transit,1,1,0,11.30986153,419.53349724,75.12375,0.332,441.0,9.6,1.6,0.018,419.53349724,G3 V,5700.0,1.058,0.89,10.8,302.7984228,-61.1354659,348.849
TOI-561 b,TOI-561,2020,Transit,1,4,0,1.425,2.0,0.4465688,0.0106,2310.0,4745.0,3.8,0.0,2.0,G9 V,5372.0,0.843,0.806,11.0,148.1851516,6.216103,85.799
TOI-561 c,TOI-561,2020,Transit,1,4,0,2.91,5.39,10.778831,0.0884,800.0,68.2,1.2,0.03,5.39,G9 V,5372.0,0.843,0.806,11.0,148.1851516,6.216103,85.799
TOI-561 d,TOI-561,2020,Transit,1,4,0,2.82,13.2,25.7124,0.158,598.0,21.4,3.2,0.122,13.2,G9 V,5372.0,0.843,0.806,11.0,148.1851516,6.216103,85.799
TOI-561 e,TOI-561,2020,Transit,1,4,0,2.55,12.6,77.03,0.328,415.0,4.96,4.2,0.079,12.6,G9 V,5372.0,0.843,0.806,11.0,148.1851516,6.216103,85.799
TOI-6016 b,TOI-6016,2024,Transit,1,1,0,13.67495645,371.85923619,4.023687,0.055,1890.0,940.0,0.81,0.0,371.85923619,F,6110.0,1.51,1.31,0.3,4.5239602,59.7661983,364.715
TOI-6130 b,TOI-6130,2024,Transit,1,1,0,14.3474953,333.71982735,2.392679,0.036,1750.0,1150.0,0.64,0.036,333.71982735,F,6110.0,1.51,1.31,0.3,339.2050832,16.8271941,220.882
TOI-615 b,TOI-615,2023,Transit,1,1,0,18.97680433,138.25535705,4.6615983,0.0678,1666.0,1286.0,0.084,0.39,138.25535705,F2 V,6850.0,1.732,1.449,1.7,133.4086892,-40.543701,360.408
TOI-622 b,TOI-622,2023,Transit,1,1,0,9.2362001,96.30200732,6.402513,0.0708,1388.0,602.0,0.507,0.42,96.30200732,F6 V,6400.0,1.415,1.313,0.9,125.3050544,-46.4842959,123.297
TOI-733 b,TOI-733,2023,Transit,1,1,0,1.992,5.72,4.884765,0.0618,1055.8,207.1,3.98,0.046,5.72,G,5585.0,0.949,0.956,4.4,159.4093183,-40.888259,75.2092
TOI-776 b,TOI-776,2020,Transit,1,2,0,1.85,4.0,8.24661,0.0652,514.0,11.5,3.4,0.06,4.0,M1 V,3709.0,0.538,0.544,7.8,178.577997,-37.5533568,27.1701
TOI-776 c,TOI-776,2020,Transit,1,2,0,2.02,5.3,15.6653,0.1,415.0,4.9,3.5,0.04,5.3,M1 V,3709.0,0.538,0.544,7.8,178.577997,-37.5533568,27.1701
TOI-815 b,TOI-815,2024,Transit,2,2,0,2.94,7.6,11.197259,0.0903,686.0,36.9,1.64,0.2,7.6,K3 V,4869.0,0.77,0.776,0.2,155.8719377,-43.8349248,59.7117
TOI-815 c,TOI-815,2024,Transit,2,2,0,2.62,23.5,34.976145,0.193,469.0,8.03,7.2,0.22,23.5,K3 V,4869.0,0.77,0.776,0.2,155.8719377,-43.8349248,59.7117
TOI-836 b,TOI-836,2023,Transit,1,2,0,1.704,4.53,3.81673,0.0422,871.0,78.838,5.02,0.053,4.53,K V,4552.0,0.665,0.678,5.4,225.0798831,-24.4542022,27.5024
TOI-836 c,TOI-836,2023,Transit,1,2,0,2.587,9.6,8.59545,0.075,665.0,26.707,3.06,0.078,9.6,K V,4552.0,0.665,0.678,5.4,225.0798831,-24.4542022,27.5024
TOI-858 B b,TOI-858 B,2023,Transit,2,1,0,14.06727078,349.6112477,3.2797178,0.04435,1529.0,908.9,0.69,0.15,349.6112477,G0,5842.0,1.308,1.081,6.8,60.1998256,-54.5929177,250.489
TOI-908 b,TOI-908,2023,Transit,1,1,0,3.186,16.137,3.183792,0.041657,1317.0,80.884,2.742,0.132,16.137,G V,5626.0,1.028,0.95,4.6,53.1594266,-81.250745,175.748
WASP-132 b,WASP-132,2016,Transit,1,3,0,10.09929161,136.0305582,7.1335164,0.0674,682.0,58.5,0.73,0.0163,136.0305582,K4 V,4686.0,0.758,0.789,7.2,217.6091998,-46.159516,122.91
WASP-132 c,WASP-132,2022,Transit,1,3,0,1.841,6.26,1.01153624,0.01833,1329.0,791.0,5.47,0.0,6.26,K4 V,4686.0,0.758,0.789,7.2,217.6091998,-46.159516,122.91
WASP-151 b,WASP-151,2017,Transit,1,1,0,12.66617,98.5273,4.533471,0.055,1290.0,460.0,0.29,0.003,98.5273,G1,5871.0,1.14,1.077,5.1,349.0634651,0.3066895,453.099
WASP-153 b,WASP-153,2017,Transit,1,1,0,17.37395,123.9537,3.332609,0.048,1700.0,1400.0,0.15,0.009,123.9537,G0,5914.0,1.73,1.336,4.0,279.2624729,40.0186905,610.176
WASP-156 b,WASP-156,2017,Transit,1,1,0,5.71659,40.68224,3.836169,0.0453,970.0,150.0,1.3,0.007,40.68224,K3,4910.0,0.76,0.842,6.4,32.782085,2.4181937,122.066
WASP-166 b,WASP-166,2019,Transit,1,1,0,7.06167,32.10083,5.44354,0.0641,1270.0,440.0,0.54,0.0,32.10083,F9 V,6050.0,1.22,1.19,2.1,144.8751047,-20.9824191,114.173
WASP-173 A b,WASP-173 A,2018,Transit,2,1,0,14.403565,1102.8701,1.3866529,0.02508,1842.0,1920.0,2.02,0.0,1102.8701,G2,5767.0,1.099,1.092,3.25,354.1686959,-34.6113042,232.98
WASP-193 b,WASP-193,2023,Transit,1,1,0,16.40994774,44.17814857,6.2463345,0.0676,1254.0,413.0,0.059,0.056,44.17814857,F9,6078.0,1.239,1.059,4.4,164.3491401,-29.9971229,362.087
WASP-76 b,WASP-76,2016,Transit,2,1,0,20.78145022,284.13859586,1.80988198,0.033,2228.0,4104.0,0.17,0.0,284.13859586,F7,6329.0,1.756,1.458,1.816,26.632936,2.700389,194.459
Wolf 327 b,Wolf 327,2024,Transit,1,1,0,1.24,2.53,0.5734745,0.01,996.0,233.9,7.24,0.0,2.53,M2.5 V,3542.0,0.406,0.405,4.1,148.3783199,35.570548,28.5321
XO-7 b,XO-7,2019,Transit,1,1,0,15.389957,225.34147,2.8641424,0.04421,1743.0,1540.0,0.34,0.038,225.34147,G0 V,6250.0,1.48,1.405,1.18,277.4780753,85.2333208,234.149
pi Men c,HD 39091,2018,Transit,1,3,0,2.042,4.82,6.2679,0.06839,1169.8,309.0,2.97,0.0,4.82,G0 V,6037.0,1.1,1.094,2.98,84.2992798,-80.4646041,18.2702
